time,temperature,voltage,pressure,is_anomaly
0,20.060943415950888,3.2970358676987033,100.95480490201464,0
1,19.832000512138567,3.2635356531813167,100.94341222888796,0
2,20.23006890753456,3.279276346708207,101.063400982345,0
3,20.308040956237132,3.331695518886687,101.0551854415295,0
4,19.769622350207577,3.3001496645599975,100.89952084523897,0
5,19.93923093192119,3.3170104988434166,101.16226782545637,0
6,20.2649924952113,3.3335039621101092,101.05058054246491,0
7,20.21583771081976,3.2812579268551194,100.95890689047842,0
8,20.315276181727636,3.33781240818149,101.19887841143539,0
9,20.187450361336932,3.3189421301729194,101.15256755715961,0
10,20.57321825656269,3.2382593456544257,100.9735458008052,0
11,20.59201763324753,3.372115239559312,101.28771828402577,0
12,20.48861139236651,3.274962762812154,101.18587973683663,0
13,20.739609345177918,3.2172452328407406,101.1289803884375,0
14,20.646213165578637,3.2477478145206846,101.29902188056218,0
15,29.156533870459953,2.2381309083539653,107.89354903049387,1
16,20.702883278048738,3.3026086659328766,101.15719169248959,0
17,20.47519766411583,3.286307474722688,101.10396998839781,0
18,20.880238526811635,3.2831584016179702,101.23818504393071,0
19,20.731855756628715,3.3309850982741236,101.2376602967324,0
20,20.741864211908247,3.316993768059635,101.20146801398897,0
21,20.679334997238353,3.315802393532214,101.13100136461324,0
22,21.096387197866804,3.3204914228664344,101.2329929854166,0
23,20.85699031751728,3.3308067334001117,101.22302012142379,0
24,20.837892786650347,3.1946023329111277,101.10665256812658,0
25,20.888424367110762,3.2817780873867766,101.10281876486758,0
26,21.100222112798143,3.190989496775526,101.31651533788099,0
27,21.10136079617904,3.3018029963398896,101.00981116849482,0
28,21.144918918160965,3.2997683513887828,101.30054105269613,0
29,21.182212074185323,3.352276613739484,101.24219169422463,0
30,21.557614466964164,3.359381719636056,101.43082466068799,0
31,21.080787317797686,3.3101387524126182,101.26065317908461,0
32,21.091942336910474,3.274981946130155,101.38594842142518,0
33,21.06347915829729,3.3242580556272867,101.29030861587621,0
34,21.380781932552036,3.2736041181337843,101.35137481534862,0
35,21.514229833019563,3.2999303674278324,101.423683653092,0
36,21.29597985241197,3.3493068158480384,101.31374442836754,0
37,21.180544527863784,3.2721114327005285,101.46965548844985,0
38,21.212946647082855,3.3402839319621247,101.28063021228935,0
39,21.53667739596576,3.333870068434615,101.41945928425584,0
40,21.583363016039733,3.252260409143459,101.49226397227879,0
41,21.570922513114834,3.34869470641087,101.47600374917903,0
42,21.35618429848398,3.334928317268575,101.61164448767354,0
43,21.5621173904039,3.305096294368633,101.35365606826895,0
44,21.564814919626084,3.2618838270986172,101.30208507486513,0
45,21.61039153860077,3.257039699071221,101.3505664891505,0
46,21.76548899566237,3.2731168711548486,101.52604425665484,0
47,21.659835310565164,3.3271297231645978,101.51979229342693,0
48,21.774165849216374,3.25221874162993,101.49022566596474,0
49,21.67451055488172,3.3218756124309934,101.37770429508929,0
50,21.74076584935379,3.23791222355608,101.5766867293329,0
51,21.830473689066434,3.289796570778057,101.38752952223496,0
52,21.433377290515544,3.3054823877287003,101.63589495823769,0
53,32.877277235898845,2.275805534957649,108.30584936770002,1
54,21.669841082911336,3.2311342172239814,101.57664511465717,0
55,21.654639150474203,3.3736007283245066,101.60831081356577,0
56,21.745172434107673,3.3074921206993637,101.51071402311045,0
57,22.116255254478645,3.320558595900798,101.38897866789131,0
58,21.660439994404886,3.30591739566941,101.51972806369697,0
59,22.042867695734337,3.3222363409097615,101.48071047589013,0
60,21.52750421761129,3.292315744781899,101.45529954235849,0
61,21.81122170664098,3.3727025090728726,101.78223599419957,0
62,21.92411861192008,3.2771764427887637,101.64728625180258,0
63,22.021425149452888,3.356611728608962,101.66796875806139,0
64,22.05827703653702,3.267781643989349,101.60909776348038,0
65,22.08578581787437,3.2969874076799353,101.63271289175566,0
66,21.867685185786844,3.246401872385489,101.75645506822393,0
67,21.854498724857724,3.322751186017376,101.66676628813048,0
68,22.12732438112206,3.3722562978463264,101.73306939380248,0
69,21.925446195768398,3.296132191008957,101.6703995702155,0
70,21.715762195309335,3.290155715064804,101.6657847109268,0
71,21.750646082902744,3.2442691518466034,101.5693085834398,0
72,21.79902623918305,3.2885353673223845,101.52222509376328,0
73,22.087168875634042,3.2203602870139236,101.70384380989336,0
74,22.02024683628939,3.2543561006640584,101.74564966919932,0
75,22.133087044021664,3.3113393023054565,101.62138699632912,0
76,21.91196975868386,3.3659506598870697,101.75655251349654,0
77,22.030759599426304,3.4404605430614748,101.77537525629904,0
78,22.1250015192534,3.2706707457464548,101.56439919939406,0
79,21.93804598505343,3.3717650078322716,101.69848753405206,0
80,22.09050225359449,3.312187624020082,101.84072638937354,0
81,21.86519429872772,3.292437617662681,101.84870587293958,0
82,21.92260199332533,3.3216297225863074,101.70463250836002,0
83,21.91570040103341,3.303095824183998,101.84584480504998,0
84,21.748918475278344,3.3055197862806107,101.94224072253606,0
85,22.08072411706205,3.2795833418586664,101.92770729589908,0
86,21.883899063968858,3.2300945170100572,101.85047142129861,0
87,21.973937181416645,3.2228187398738957,101.82320236866758,0
88,22.06045796605642,3.332662244164061,101.81706555156654,0
89,22.045699448822077,3.286164995495714,101.93678197829097,0
90,22.080772283550946,3.2701955550171915,101.9195103973143,0
91,21.918521160859026,3.3004252813361576,101.97294040061021,0
92,21.843306329896063,3.339746612645781,101.93318738131212,0
93,21.900998923976548,3.3090181971513197,102.01187639503475,0
94,21.567685501751583,3.2671972531679514,101.94945925329577,0
95,21.60317768089021,3.3613146477824474,102.02846887161317,0
96,21.614751024899768,3.3789592751490813,102.04708227703665,0
97,21.665780662524103,3.3247278327661425,101.88954733697751,0
98,21.930377886921026,3.348683175567204,101.79918559531293,0
99,21.65378009949161,3.3620979998406906,102.14434928560145,0
100,21.742962342843484,3.3565049658202257,102.02566587307123,0
101,22.06143204260247,3.3307049588556312,101.83855141045039,0
102,21.712604507694476,3.329917352353744,101.94861805027813,0
103,21.912917815325365,3.325983028667325,102.10718742923699,0
104,21.55954242301306,3.2451331162726476,102.01203231688672,0
105,21.685331221724223,3.3350361578429792,101.99879385806808,0
106,21.515876552123636,3.232209301443672,102.2000881860313,0
107,21.616854248093176,3.260270027243747,101.96527128536161,0
108,21.830828549048846,3.365178253390404,102.00018466422452,0
109,21.29474381060428,3.3420110081347096,102.11113864750483,0
110,21.70387753634835,3.374369914484293,102.13904549320539,0
111,21.640678064938626,3.286416280815635,102.15963430343407,0
112,21.449801859029478,3.2423875579361616,102.2111238044569,0
113,21.25429375316256,3.2879781401464827,102.14985786206815,0
114,21.53218731790462,3.3051015648620283,102.18893839389384,0
115,21.38551188254068,3.3039494358170005,102.1240790740685,0
116,21.510998130331444,3.356684023937835,102.16626983032367,0
117,21.44130001524294,3.2819364787498277,102.18075341800537,0
118,21.729177309804534,3.317601723590146,102.20150981358191,0
119,21.332278841619267,3.2505686425282696,102.26725398075827,0
120,21.14622686257793,3.3225158639021903,102.25551456819449,0
121,21.357017529549662,3.3001554275092815,102.21442170029002,0
122,21.334869333463097,3.2625093330857737,102.13908740150589,0
123,21.53189877503987,3.2882085318912573,102.23676712580628,0
124,21.395770764794342,3.2907912126742387,102.23719822151043,0
125,21.268318500037815,3.286492243533145,102.26931815798132,0
126,21.457321877292074,3.388567062113384,102.48065253071404,0
127,20.894159850032835,3.295077699884606,102.21762272214588,0
128,20.970760566304303,3.287805194491133,102.32222890191254,0
129,20.879754626830138,3.195127452119493,102.39684620672443,0
130,20.953040783011776,3.255289632401026,102.30980019140993,0
131,20.721186055312415,3.286846328777182,102.54378451191722,0
132,21.088675419340177,3.2657073661911675,102.28219607082684,0
133,20.881937990440935,3.3690853796688898,102.362408922232,0
134,20.596588030183213,3.291753111230189,102.26011942551071,0
135,20.65164394422615,3.3644222124659127,102.31484752648566,0
136,20.881131108834072,3.3030852317025183,102.38489339103967,0
137,20.949394871375784,3.301861391821079,102.45463040623078,0
138,21.14414425718847,3.295560177614375,102.41190948340235,0
139,21.290301183803752,3.3001898125810727,102.51591148493347,0
140,20.752858186967007,3.3859397501524926,102.39050346894074,0
141,20.434248304427737,3.184019463662439,102.3767831470161,0
142,20.167673446467404,3.199922712778066,102.69039851072795,0
143,20.60931414410194,3.272841458447194,102.46942376494421,0
144,20.354650480260155,3.3007263940968783,102.36805184540215,0
145,20.39542720639203,3.3345052212382003,102.38057362377519,0
146,20.317147864638272,3.3236543599013735,102.36573200854686,0
147,20.372301792160265,3.2807877043559714,102.56365693558568,0
148,20.574388581945993,3.3509521846620878,102.44356227071069,0
149,20.35319034342398,3.3515097701576364,102.50273624756565,0
150,20.250513048711994,3.309202891563578,102.49364913255617,0
151,20.035455759496095,3.348132878624342,102.5831492407941,0
152,19.867899383692333,3.3136322631716064,102.4353255907116,0
153,20.06574272170587,3.271925848660856,102.4224427713857,0
154,20.112350924696162,3.33489084195,102.56242973071816,0
155,20.436747307582557,3.3055306561289335,102.61009592846999,0
156,20.069236855746766,3.300066992337724,102.59325323130976,0
157,20.199733208037586,3.3736476786094785,102.48905462709025,0
158,19.863328266426063,3.1774563935729954,102.64774848420913,0
159,19.686215437706124,3.2291157914920214,102.51561390729044,0
160,19.690228360698367,3.240646478681281,102.54784613552135,0
161,19.69830072015112,3.2818369676215595,102.5156046475278,0
162,20.229196758996817,3.2872695915116985,102.75011583486521,0
163,19.599460952371487,3.2246337176113475,102.69334215410274,0
164,19.891766106204816,3.2507420983844586,102.70049933756789,0
165,19.503923176096098,3.256957916073821,102.77472114211425,0
166,19.831389752893127,3.4228712046037946,102.94126492482387,0
167,19.682773847351832,3.390087097387357,102.49907738960898,0
168,19.535322259693626,3.2794125291157674,102.6061623419123,0
169,19.51953685337912,3.28182083548466,102.62838249158254,0
170,19.357960256860462,3.242539800140585,102.61491803776174,0
171,19.53956509965017,3.2045934793387363,102.60224167523963,0
172,19.32100667910071,3.2941559906795734,102.69003469359446,0
173,19.12877012904061,3.2501074008377984,102.60833962847106,0
174,19.08044210869461,3.2957574734168995,102.77350423675374,0
175,27.392530795206113,2.3913949848984672,109.0370661459917,1
176,19.576936334193135,3.261901277084487,102.80810286647637,0
177,19.25609648683123,3.3074313547651415,102.82077284516382,0
178,19.16366093048919,3.3183104798891967,102.84030068534267,0
179,19.208169288953343,3.3208735979371005,102.75265910631762,0
180,19.37615946175166,3.233975550792148,103.01211434026337,0
181,19.123144670614774,3.342734286506778,102.83344311164821,0
182,18.96176006156257,3.2599894151699074,102.63375152473752,0
183,30.93989203027896,2.185766795292855,107.77318585579357,1
184,19.060212672980875,3.2994680661690903,102.66594970109722,0
185,19.24747891658221,3.2311806250461026,102.85173346291512,0
186,18.943264793305804,3.2841901147709405,102.84781947759467,0
187,18.62845162545516,3.3182681871031883,102.82315743021006,0
188,18.56689176469338,3.3306482690237296,103.08109261124005,0
189,19.13835113883072,3.292950605127779,102.9448982874077,0
190,19.12101736227122,3.3765889445300523,102.97260983614464,0
191,18.70898851118489,3.350375538549328,102.81689265120579,0
192,18.637365051664986,3.287167294180012,102.8200855108669,0
193,18.97591591823863,3.337506090606847,102.9336805499097,0
194,18.432368998904177,3.396689674259409,102.95730071396522,0
195,18.445522277840887,3.398024230039151,102.76436884328855,0
196,18.724372781476198,3.238600005958875,102.94196929771503,0
197,18.48858783718014,3.2536733444421424,102.97140720828735,0
198,18.53885890497739,3.374245939336692,102.95848508342289,0
199,18.480153142406547,3.247085947458118,102.90866095876532,0
200,18.55390991914393,3.233872943335416,102.94604648180788,0
201,18.742050090734693,3.2756902934650474,102.99231408064273,0
202,18.453445166927043,3.321011335473729,103.029080002361,0
203,18.539516259140576,3.294880164669445,103.09047915825506,0
204,17.976730082627313,3.26747181897972,103.1480856204951,0
205,18.353702097485154,3.2662893769137744,103.02056522764727,0
206,18.172135598718686,3.2643831467793643,103.01438438038846,0
207,18.075018580814884,3.256024518567053,103.11376556735343,0
208,18.121822724743097,3.414081643863803,103.14108449164108,0
209,18.209981511238357,3.3148755535592778,103.04657995667411,0
210,18.440028963644025,3.344337952720237,103.17903934769662,0
211,17.97230940479544,3.2755461265940538,103.20795853411559,0
212,18.225158681354905,3.290702166140697,103.24916864656588,0
213,18.10435529396293,3.264322300931482,103.30783209067198,0
214,18.118530859894797,3.1674145832540397,103.05335838613405,0
215,18.36821969156201,3.2310995361576067,103.15138982093326,0
216,18.25962676995441,3.20946906600098,103.16112776966186,0
217,18.404558033982063,3.1875108111024195,103.16019264314676,0
218,28.611757968738527,2.0733830222660536,109.05330047679129,1
219,17.970280453289732,3.366247783969081,103.04144379967688,0
220,18.052024088844867,3.297778191614782,103.2092679446029,0
221,18.1333833433557,3.3645281881160587,103.1331644340452,0
222,18.109052810544107,3.3205491288450437,103.22859934807477,0
223,17.846485157219913,3.3391279412857577,103.15059564583012,0
224,18.07185998987523,3.254955150234771,103.13003416541557,0
225,18.090585430697587,3.3261975477096333,103.27342983603769,0
226,18.54039430132375,3.336435711703717,103.27509215268066,0
227,18.405013359248617,3.271167635388315,103.3279281971321,0
228,17.852528826009976,3.327977018530808,103.49858637664177,0
229,17.960024585585632,3.3283093879287415,103.31772895312109,0
230,17.71992959236567,3.2725223689434957,103.3485081767064,0
231,17.89038825108281,3.24386157838645,103.20224386711327,0
232,18.068358877321884,3.240793583405086,103.19130925594635,0
233,18.243914701762648,3.3043252770960727,103.48828294467734,0
234,17.85523218679671,3.3163504934394656,103.24765202200668,0
235,17.86932419685824,3.260373708477104,103.24560559285312,0
236,17.57060012139222,3.3013292670663046,103.35609010787834,0
237,17.968229135862646,3.328526851806924,103.36098075866227,0
238,17.78978349864726,3.330909535733265,103.28974934935566,0
239,17.898681623404997,3.3775940060061242,103.35950267812869,0
240,17.8322986266948,3.363849041609902,103.52293757176501,0
241,17.992716450050946,3.2499354283621726,103.32940063911681,0
242,17.66471680710685,3.384179310476901,103.28063275156339,0
243,17.72834042933306,3.273451174772214,103.52425936208999,0
244,18.453877167682318,3.352243640622721,103.4892296911938,0
245,17.77761025849653,3.3033993313025545,103.38794813793514,0
246,17.823590624426792,3.2793925310771512,103.3017832983873,0
247,18.418966205958643,3.209615157011253,103.39553766435614,0
248,18.642012034940464,3.2914217744891823,103.47452955631508,0
249,17.83687595083187,3.222030838234719,103.60656720898838,0
250,18.008501659316117,3.3483649617921385,103.39634180251304,0
251,18.162191848787366,3.3758396328569624,103.50154801184885,0
252,18.4521119776959,3.260154450535165,103.58751446598949,0
253,26.848472668385366,2.4039524210063923,108.67494423466523,1
254,18.084567277896983,3.263730423899601,103.6433786167939,0
255,18.30383815055688,3.2685757634931605,103.43175494277935,0
256,18.25081226555479,3.3387247351932685,103.5931995493457,0
257,18.10485068363056,3.2980730869078294,103.59466831496107,0
258,18.17026809516408,3.3869824020965504,103.68845863914639,0
259,17.939725479469534,3.2758883760648536,103.64509243808936,0
260,18.18545593976476,3.3499668166237244,103.362270950827,0
261,18.198905978140164,3.304870670647889,103.5315220752844,0
262,18.318409344955104,3.3397889004872114,103.63382051293533,0
263,18.18139300096711,3.2776421171335026,103.61050201138802,0
264,18.407932220796194,3.2975220581224205,103.68776107297568,0
265,18.538008279116163,3.294225056035053,103.72893665556698,0
266,18.3890573721112,3.2581971442577107,103.72084517364297,0
267,18.451485968786603,3.3331040767290876,103.64857250574455,0
268,18.415576461692165,3.332512450278918,103.49536629888796,0
269,18.42941097644072,3.329677734745278,103.64445187511451,0
270,18.310159418179456,3.376848282695882,103.7416368148139,0
271,18.54346499527154,3.372467240061815,103.60095527474495,0
272,18.487011854581677,3.281252765507543,103.78312747301216,0
273,18.952003259794804,3.318652615921709,103.82083932972674,0
274,18.875527634854034,3.268819965537089,103.75268669762958,0
275,18.66608865937052,3.3011677658057277,103.44362201336877,0
276,18.464935014866793,3.270012527544057,103.63219116372882,0
277,18.424244233340403,3.3810035154568023,103.95861891585561,0
278,18.914676480631698,3.318184907517148,103.72534622069716,0
279,18.75924850051706,3.2890985435947786,103.5915856776871,0
280,18.833495404933682,3.3596809285928186,103.92352473883102,0
281,18.419822592104985,3.191469229510229,103.81133555915437,0
282,18.98599303872355,3.199294870256735,103.93049404889577,0
283,18.923634744836857,3.3397919327609884,103.85769586752194,0
284,18.643376759259166,3.303023422405868,103.88585591362121,0
285,18.804323953314736,3.312522315013038,103.88630092477145,0
286,18.984978908088014,3.2336801948340725,103.9297488311921,0
287,18.97676247087639,3.2988383144574813,104.09774304485562,0
288,18.942281996605484,3.400175470520067,103.97710063359591,0
289,19.014865402896948,3.341209980989793,103.73196606821544,0
290,19.020400165531107,3.3084853272571406,103.9446661515279,0
291,19.13691239760963,3.278047304494753,104.02414807681032,0
292,19.43665997193184,3.28027135740653,104.04027008065361,0
293,18.66533461522506,3.193540105539999,103.8873395016941,0
294,19.167929499115157,3.312882021046058,104.0564944445188,0
295,19.287549154614016,3.3422741554240925,104.04277423995512,0
296,19.348691677961334,3.221219033641469,104.21725174369696,0
297,19.25264036681873,3.266929155384659,103.89499982637514,0
298,19.013478511360216,3.242126768388329,103.92925994235996,0
299,19.468475611755636,3.2517324402595618,103.959388095154,0
300,19.786639046434985,3.302674081341095,103.95097778499613,0
301,19.172912736155837,3.195779892250576,103.92099792502364,0
302,19.69117475247132,3.330713521917853,103.74373244943263,0
303,19.491620867618703,3.337692753496684,103.98653005262769,0
304,19.584154869321974,3.2874448705981543,104.07693580597,0
305,19.42509528931502,3.1759645745007727,104.00067781544941,0
306,19.608184735098515,3.25017906869988,104.2535381183529,0
307,19.97461583190328,3.361645096705135,104.07133758127158,0
308,19.87078305818444,3.1611002859635713,104.2091029055184,0
309,20.140457723611796,3.282623829390324,104.116142041273,0
310,20.069303572160546,3.240999961076637,104.18264073098932,0
311,19.961530791292688,3.3402285150792417,104.13792415539335,0
312,20.262443134816102,3.2662443023928267,104.25687846319036,0
313,20.0414321717629,3.3201977010367805,104.13559393501323,0
314,20.159227031773135,3.3282730209584543,104.18961207080888,0
315,19.974313610261756,3.391811291986501,104.186633293365,0
316,20.086921918023492,3.2898529028162313,104.13117145418727,0
317,19.9740834999541,3.3188022184811303,104.21049823189247,0
318,20.351395135504006,3.225747226043628,104.40343862461978,0
319,19.95766631863986,3.359520678164687,104.16296030579045,0
320,20.38956847818452,3.2619745575964316,104.24194648928533,0
321,20.234646328382166,3.2719622917956124,104.33577789508693,0
322,20.546594981779887,3.2988876102575393,104.33402532809443,0
323,20.50196344997522,3.2218557827330074,104.23117164177194,0
324,20.75522226173045,3.311438501446447,104.00166112970426,0
325,20.57639491440336,3.3483733136462503,104.30167028186484,0
326,20.15480678076551,3.314646691174864,104.0380525741377,0
327,20.494611373360407,3.2205551217910635,104.41699372309412,0
328,20.312184551435063,3.293809535283517,104.29694738711933,0
329,20.481295376386484,3.337101445148974,104.3899674019872,0
330,20.925328413682102,3.2061005617017044,104.2097888861819,0
331,30.861131794001018,2.1539609247606126,110.55968685594974,1
332,20.558796578937724,3.3438271802040758,104.3460754384141,0
333,20.53317754785669,3.313504771709864,104.32663965600439,0
334,20.77952143761501,3.3205985791063375,104.29084591738429,0
335,20.56638781135697,3.3929747403811654,104.35846612807327,0
336,20.71188273880668,3.32342763892531,104.63674358920322,0
337,20.944585208612654,3.332894400521659,104.45345255473691,0
338,21.148965379976723,3.435537276360916,104.48494986058633,0
339,21.075007776702687,3.2893097720954754,104.47439368915533,0
340,20.529968800557597,3.260105861819075,104.54794621438522,0
341,21.083675990597957,3.3213898199123566,104.39099283270993,0
342,21.071376194532377,3.3219495514694444,104.21452386923247,0
343,21.17349159835514,3.2736642304026895,104.41114138669941,0
344,21.447263268131728,3.2483801490222572,104.52117357099965,0
345,20.74423187341545,3.4154922211045036,104.3530199604885,0
346,31.984027617059485,2.4211796136675536,111.29183715918164,1
347,21.33937602037263,3.263385730929896,104.40082302569976,0
348,20.936307180752525,3.34579651511398,104.63020292518432,0
349,21.57874614136057,3.294542742421933,104.56494570154065,0
350,21.38764451997771,3.2873559276841084,104.5651540620644,0
351,21.513181288534405,3.3281136435957244,104.5721601313121,0
352,21.25902952511092,3.235405886588415,104.51627507474478,0
353,21.564775492464438,3.3176313601958585,104.54975562825275,0
354,21.643960772316525,3.3956477403865875,104.42148154194678,0
355,21.50451368427919,3.323308883109865,104.33135580212495,0
356,21.531906722131342,3.2811893948108266,104.5750081130345,0
357,21.565589663970453,3.2746447359785877,104.60239902562721,0
358,21.364741847435635,3.2794830013327445,104.70092645684254,0
359,21.53318010474323,3.2873018660976108,104.74713358160824,0
360,21.556831221207833,3.2811096733620864,104.75699984849989,0
361,21.688029474349126,3.3458155720537284,104.51019764067061,0
362,21.834686005844404,3.2133395448395508,104.58477349650502,0
363,21.44573052838399,3.3431000025206066,104.67803342958814,0
364,21.654489574034045,3.2810156737428717,104.89319046777422,0
365,21.99716435078892,3.3188473892847683,104.7980099203714,0
366,21.572857130035292,3.2436506044899565,104.77193971619984,0
367,21.57713769992412,3.366431553342472,104.63122120444507,0
368,21.801365257472305,3.3622817480085936,104.5916800368845,0
369,21.948393034797785,3.3479795262875034,104.76889078833833,0
370,21.799701402735383,3.2242622612103227,104.58993387357657,0
371,22.080389562121766,3.3414560535533027,104.68615636490196,0
372,22.002411678175484,3.3202427543817854,104.70852220509981,0
373,22.015139935929053,3.2197364376433715,104.88929120891228,0
374,21.972583577959046,3.298785130811459,104.70453026970402,0
375,22.341530573618694,3.318226724451663,104.50607503614273,0
376,21.8484569166631,3.3278037636911573,104.81044446476625,0
377,21.501518326400916,3.3088630683474425,104.7000978146896,0
378,22.235046323744264,3.314561570842369,104.78426310244377,0
379,21.833862579217772,3.3736805696126546,104.7813295299158,0
380,21.95741543293158,3.3613016954955337,104.77262960041823,0
381,22.207412049762134,3.156647252310863,104.88903405817847,0
382,21.633934398479862,3.284128072258116,104.66671351216472,0
383,21.712159529307495,3.291767448622802,104.77829857750456,0
384,21.649551080719352,3.2123950713636513,104.90840379131174,0
385,21.817509209748916,3.3047091529116153,104.78859152246555,0
386,22.07000308033198,3.362437888620525,104.699119329073,0
387,22.091859815189387,3.24567160702047,104.93685553432567,0
388,22.04642878758542,3.3168200469344935,104.99230946304415,0
389,21.711976037002056,3.254208826135178,104.8855004792357,0
390,21.53506600342268,3.266404398816016,104.70391544015305,0
391,22.009716076747132,3.3738696817085017,104.98059697466988,0
392,21.905449310368283,3.2728721089944086,104.75401121185803,0
393,22.091840933723034,3.323110624450531,104.96087992768483,0
394,22.139713808061803,3.2064390941969503,104.85125361752578,0
395,22.025530970091282,3.393115878069744,104.8340160714233,0
396,22.14766977518132,3.330132622315325,104.91580899829202,0
397,22.038447676700745,3.290875007867487,104.95167024435727,0
398,22.094783571176574,3.3287773254999946,104.91557917496137,0
399,21.843205723925422,3.2295090285526094,105.0488703278215,0
400,21.94279421048047,3.359126537087633,104.95539306215412,0
401,22.01185636911076,3.2838007612251783,105.1080190871672,0
402,22.12960252723521,3.289796524247578,105.04811731656434,0
403,21.878958107552577,3.2754172192517257,104.96024427934037,0
404,22.053366246555296,3.2709674298627207,104.95340601161678,0
405,21.886611863307095,3.33473353058142,104.88525037009525,0
406,21.906142128520557,3.312795342505211,105.08907331778668,0
407,22.084653476190542,3.332587407070152,105.03454124527485,0
408,21.508469225090316,3.2995602655257215,104.84278044719365,0
409,21.635355658109308,3.325659990553859,105.03642851272306,0
410,21.585024033870983,3.279057562803748,105.0098965970745,0
411,21.400796319665638,3.411486592070477,105.26756775921706,0
412,21.717178102962496,3.2216034791784747,104.94972213881067,0
413,21.987288110604997,3.363046866178149,104.98586492002659,0
414,21.764259921014947,3.3683953725360483,105.25099696431057,0
415,21.843901683900956,3.2573920597017203,105.2856763157464,0
416,22.004572386666464,3.4114636805277985,105.08550170612743,0
417,22.033936665857365,3.3497745141472657,105.10679141771911,0
418,21.735535068340702,3.348556950341145,105.24162353965534,0
419,22.000343327344325,3.3014011093512936,104.95729002030546,0
420,21.727623147863383,3.289138692089066,105.01388063154944,0
421,21.520606181819716,3.2895295586480193,105.18192665991492,0
422,21.547418554730985,3.3195265298159757,105.37498905661292,0
423,21.3477376240102,3.3700593137516948,105.18642699118332,0
424,21.44310694107598,3.309065710893071,105.25009367917352,0
425,21.525370887632096,3.2544278188431353,105.3633789272564,0
426,21.73329297414958,3.341221353119249,105.47068847332783,0
427,21.891702672113222,3.3460575373197394,105.21231515268516,0
428,21.24546613956214,3.332732976422389,105.27831632762665,0
429,21.574212932361764,3.337274945326249,105.47220552213429,0
430,21.26068540791672,3.2864535934921095,105.14778007248086,0
431,21.536292872384674,3.2535505416434707,105.41275810705538,0
432,21.387118861334212,3.256590328467961,105.21816844676387,0
433,21.018572447449614,3.218226837577107,105.34024723671031,0
434,21.54127654909827,3.311847430577297,105.31573809525997,0
435,21.204938317602615,3.2958275608386702,105.25419883992987,0
436,21.188949364164323,3.2780006147735143,105.26168980723418,0
437,21.051051606767192,3.1522190587827463,105.39764143642537,0
438,21.10291212690458,3.2376341265152915,105.47955393281626,0
439,21.287620072535166,3.356042032570158,105.37702637968115,0
440,21.13198551759624,3.2667686999968435,105.40701131587333,0
441,21.202891269470637,3.3180295838828417,105.4671174066291,0
442,21.176412874644836,3.230465728501237,105.32283812269871,0
443,21.334588873128265,3.3719352741179613,105.5039692508413,0
444,20.967899181669075,3.292798616997266,105.52193430970597,0
445,20.70667014954662,3.3145020198241766,105.71036262987505,0
446,21.1806706939792,3.4162889895940842,105.42238958094404,0
447,20.86572619640629,3.37582200502947,105.42419181983318,0
448,21.119367142796644,3.284671718935647,105.55689658715738,0
449,31.26808889452531,2.350563832501499,111.71511366033867,1
450,30.68254238000469,2.2504273853636,112.95179832658803,1
451,20.857384526550234,3.3254949124238267,105.469683732307,0
452,21.14090919578618,3.2947387932874563,105.5741130838218,0
453,21.128879852927408,3.2802377927498263,105.44724157592654,0
454,20.68985165351309,3.373359062535452,105.49894660119851,0
455,20.67023484336212,3.294289505411108,105.55895927673684,0
456,20.815410784223445,3.4149794546518657,105.65959386848223,0
457,20.392756517109135,3.3045371281876084,105.50954013838204,0
458,20.59000402112098,3.389265919711236,105.39576155379693,0
459,20.479509250941074,3.317865971135531,105.39834025324818,0
460,20.508561470492005,3.348148028662472,105.47405869332938,0
461,20.24002576869163,3.2637694474241137,105.47868322818,0
462,20.04954305851137,3.257312038870629,105.60453892413801,0
463,19.913469919543047,3.322985297750749,105.51111198464024,0
464,20.065068611442996,3.3494276621232655,105.56972450401788,0
465,20.15717379002626,3.302012825100023,105.5725914115018,0
466,20.15053438243752,3.235680333245815,105.6159492139152,0
467,20.556799118715347,3.2319870816855336,105.80225043315231,0
468,20.35066400777659,3.2286431798906876,105.74619475894306,0
469,19.897107773685153,3.211618894353031,105.6916129415276,0
470,20.119092541396906,3.3054742679723543,105.65389737194192,0
471,19.928140237910192,3.3562521960854013,105.66667673433768,0
472,19.912684329619115,3.2993292106537595,105.75277464699519,0
473,19.966635615912296,3.1869792621331072,105.78841690733523,0
474,20.01344626909293,3.2904619769832726,105.64923824938994,0
475,19.78184606229958,3.2918600501683697,105.75364807556143,0
476,20.02261389789415,3.404799937511272,105.55683804313371,0
477,19.54167783841777,3.227143104354022,105.79117137841706,0
478,19.731647159158463,3.28046611987004,105.85621492419587,0
479,20.21033579971137,3.3852926340272282,105.76199313731192,0
480,19.695962386079096,3.3224989170673274,105.981652699614,0
481,19.898674178813437,3.328165653675821,105.7218761552564,0
482,19.591175335381166,3.3057292218511938,105.84174404153032,0
483,19.65003758685193,3.316497176932863,105.8264175253334,0
484,19.483722837864946,3.3388804765139266,105.82997023325566,0
485,19.42239723094527,3.2595256840553617,105.83856778319952,0
486,19.262198939521934,3.34390292894541,105.87071050300095,0
487,19.466005116421265,3.231349849155723,105.95479587434637,0
488,19.171734846350194,3.3164183986415767,106.01777362362748,0
489,19.437519945321295,3.3089370481643163,105.88977497554959,0
490,19.484099142385325,3.2691853455903943,105.98153160721716,0
491,19.303280039911883,3.2988657362337177,105.83982330537332,0
492,19.13596402895132,3.268872992366722,105.99659554527263,0
493,19.247569612454956,3.246414933656913,105.85380084761731,0
494,19.058941884573215,3.2823192629193176,106.0490659936088,0
495,19.272037637542386,3.2448005682314167,106.17106408773932,0
496,18.683264728887416,3.316139873204662,105.94779161120286,0
497,18.947422374336952,3.2424957252923816,105.75074565091926,0
498,18.581773520487694,3.3355988511495522,105.92519270667552,0
499,18.646723837050388,3.2409260466035588,106.11318751342893,0
500,19.184730224184044,3.2716852542209494,106.05530767870252,0
501,19.057651752122705,3.2687698295892407,106.0348913598675,0
502,18.701824225724618,3.366257336443742,106.12086683559548,0
503,18.512786794327468,3.3165144972808296,106.07844534392484,0
504,18.18842360030455,3.28941330987278,106.16177251874512,0
505,18.64115960062771,3.324935972053486,106.1419423676647,0
506,19.202971078855857,3.1946403826335152,106.2121700452737,0
507,18.775406732579423,3.2978433205179543,106.10587960839062,0
508,18.546581833518427,3.399875708890238,106.17052594014939,0
509,18.72211532866725,3.3066173253201336,106.05928729269142,0
510,18.288058954214023,3.3033956584584665,106.03985391884409,0
511,18.51249717140611,3.3274064189821098,106.2806767640419,0
512,18.564139753903675,3.344780262165717,106.14162046763228,0
513,18.49988882717767,3.2001266653555067,106.21048805658623,0
514,18.648728016766615,3.2158836759104483,106.15237400144115,0
515,18.533557425720044,3.3105145645543073,106.09134843490801,0
516,18.572969300315137,3.2642561719051244,106.16109828925823,0
517,18.276929614020407,3.3656012631109955,106.31359940177677,0
518,18.570101263155173,3.284241280505739,106.23552400742795,0
519,18.692903445272574,3.203273463214344,106.01885268402695,0
520,18.15031715789841,3.2365993041578,106.17847555434238,0
521,18.14470117586689,3.162516199018471,106.38822937927047,0
522,18.56796150096232,3.288293723135854,106.198620313815,0
523,18.241779818538618,3.2905807936367806,106.04995213082658,0
524,18.540744834091566,3.2787768645109048,106.42930488854225,0
525,18.152101337678225,3.3539439519514866,106.31823925098128,0
526,18.512949252838943,3.3599259918258344,106.25299871411873,0
527,18.23028015871185,3.291480578832194,106.23285822639178,0
528,18.238390000636542,3.193265316626157,106.38823519297918,0
529,18.48317435905642,3.3308640790246127,106.23580165997738,0
530,18.082095061285553,3.3277680114254284,106.41482564245159,0
531,17.951181335371615,3.315469578507847,106.36421952857243,0
532,18.03539372362374,3.3490739874654056,106.34446819254873,0
533,18.202024098406508,3.2417585951769476,106.34455148053355,0
534,17.785611588788036,3.400437769309257,106.32250319632858,0
535,18.214224147989846,3.2520286123429063,106.45456401202092,0
536,17.967707550674646,3.3374611463600425,106.27346571678981,0
537,18.294525982697635,3.215632615279332,106.20780748731698,0
538,17.576387014743194,3.2534867656364974,106.44144401228924,0
539,17.88897942431473,3.3758184323362666,106.45312383280671,0
540,17.700833909620197,3.2869550088499575,106.44802411525119,0
541,17.865501329951783,3.3419961302566397,106.4507728369618,0
542,18.073687761658277,3.3118477694359623,106.38794596216624,0
543,17.98250692638162,3.294752092199991,106.50874827043856,0
544,17.96266704039485,3.3681925162466344,106.43544418732455,0
545,17.977290519111236,3.288167058767405,106.40128864391849,0
546,18.046386403172058,3.2109630946218264,106.42881086877445,0
547,17.801380498228056,3.2598379954024144,106.67206396987758,0
548,18.14263532465731,3.3275595864350844,106.30650239179546,0
549,18.13277574760739,3.3197754553181253,106.53997881042957,0
550,18.077027174429812,3.2216470874882277,106.33208895723763,0
551,18.11190327431634,3.2637828740295896,106.49917666616771,0
552,18.061256919502643,3.2709139325398873,106.47663725148458,0
553,18.41116389749422,3.2817265202942885,106.32149717033201,0
554,17.989704634038826,3.231204320569922,106.57890375904338,0
555,17.949478179925105,3.2685814445940258,106.51199619378077,0
556,17.864756278412752,3.2635694757370235,106.35007936574388,0
557,17.81437002008292,3.3385766629880957,106.65395680907741,0
558,17.778080600982165,3.340456065549512,106.72350061779889,0
559,17.85615708387004,3.292709477095559,106.73901243422966,0
560,18.027508465366953,3.280398010206463,106.63589564406514,0
561,18.117014878650313,3.3069962156019557,106.61460581385771,0
562,18.069675487575854,3.259171244627221,106.75281566208959,0
563,17.916407438590085,3.242658395891628,106.79823835853401,0
564,18.260390993553536,3.252988939553714,106.75335687028756,0
565,18.239844034656013,3.268259341801427,106.55584623977703,0
566,18.072402448117444,3.2418263100103863,106.68013448532149,0
567,17.986877731955854,3.3081029779531437,106.71395161442915,0
568,18.241028386857163,3.3364857836891852,106.49903830310828,0
569,18.18356679995466,3.2206450849600876,106.73693606596207,0
570,17.87171749678764,3.3012564355608016,106.92729918259795,0
571,18.163853201992406,3.289003210236683,106.77399361658007,0
572,18.246691716121177,3.31707543427684,106.86734130814418,0
573,18.031903159028396,3.2993530615948203,106.74829147301287,0
574,18.26808359682476,3.227320036003418,106.73267816760162,0
575,17.958131153571586,3.2368805350571415,106.7881271390081,0
576,18.53601394138612,3.3014711787792486,106.67841733520156,0
577,18.53874025538489,3.3514390459872754,106.67362248127655,0
578,18.259704645587355,3.1892906314478497,106.90663045571694,0
579,18.40463272831547,3.317286328990079,106.92723423428666,0
580,17.872358416902607,3.359481100264382,106.70088936844127,0
581,18.146132468258617,3.292348706189689,106.9067998804554,0
582,18.342354424095884,3.327510124801322,106.81130400243939,0
583,18.211031346254064,3.26484654595511,106.86398085744904,0
584,18.593314785304866,3.294031690036156,106.88602186394351,0
585,28.866648012302708,2.0728656389470976,111.95897837469236,1
586,18.26691679820712,3.182782834579056,106.86827182018632,0
587,18.36155305534028,3.3471382900612636,107.0110161995302,0
588,18.603529765976717,3.2507502536137776,106.91094128397599,0
589,18.906635082887934,3.2772236077498285,106.95241842724695,0
590,18.368474967937775,3.23067788733649,106.81667374084628,0
591,18.691849833738956,3.229501514845806,107.12586590107048,0
592,19.035938323122434,3.291308114995269,106.9669824923205,0
593,18.3714939778743,3.2635211402932174,107.00129974253451,0
594,18.476318465059833,3.3188985498997345,106.77918141887885,0
595,18.679004454233766,3.3226269209489794,106.86772979769209,0
596,18.691296055258135,3.31604248231623,107.08378836879187,0
597,18.990103776127164,3.311930039546422,106.99868911182926,0
598,18.90855419424838,3.378888410246594,106.78862202651712,0
599,18.538324465966614,3.2466203115477557,107.09382899289838,0
600,19.029936244579293,3.297253256689854,106.94562171956473,0
601,18.84531291665807,3.356634491025979,107.15113169858768,0
602,19.25009232551433,3.3632269904669014,107.01121643213962,0
603,18.904469468285612,3.2289118175327713,107.05047066860206,0
604,18.937836004675898,3.2843822279172064,107.15789545785917,0
605,19.208931393091703,3.367906054793363,106.96025070291454,0
606,19.289196083013827,3.325403955259953,106.9607153192166,0
607,19.262481719123002,3.3097631515739883,107.05035015796018,0
608,18.872324286881216,3.2891157653282668,107.16271727996212,0
609,19.3539487543255,3.2808099537146127,106.95691227473866,0
610,19.076679825191466,3.314410953154516,106.93319654001108,0
611,19.368082800903625,3.2873812937507756,107.19237209270437,0
612,19.07403841448151,3.2978710689477775,107.0597021687433,0
613,19.486063931375245,3.3039299353057516,107.09077739870797,0
614,19.273735193467157,3.2660964235753247,106.95431895980599,0
615,19.217009487216295,3.326606468694072,107.08210206856481,0
616,19.654992465918316,3.445712232420771,107.15924327033689,0
617,19.59944446643164,3.211150668033696,107.2630377857623,0
618,19.46738687308228,3.3162006262094987,107.10287698337655,0
619,19.919648596072136,3.2619904955690546,107.35573761202325,0
620,19.580661164789433,3.328870128875962,107.13154439758202,0
621,19.71472448565733,3.302327873666393,107.14169081984147,0
622,19.80171361708904,3.338092738702123,107.37373575518978,0
623,19.66372654168588,3.358775328825439,107.2511460152364,0
624,19.9217007214273,3.309621055888409,107.18479752709884,0
625,19.760665735864656,3.3566026144207086,107.23448668688194,0
626,19.824964339153965,3.182785105310566,107.3953073577542,0
627,20.219793411819953,3.379522614895801,107.41662028196257,0
628,19.77914164696221,3.318753107594617,107.19832068207297,0
629,19.544701861171344,3.353892167787259,107.2857566189921,0
630,20.38943349344465,3.2390062127579236,107.30901568276676,0
631,20.617072954507538,3.258461505919733,107.21137598894835,0
632,20.066071898923948,3.3072969147072384,107.31443149473499,0
633,19.7996176835783,3.299148105533127,107.33053228604517,0
634,20.164673244528096,3.3141534294004993,107.45402094789368,0
635,20.209219492871753,3.354225758046498,107.47074250283111,0
636,20.268066775627705,3.211738984234857,107.3270790601641,0
637,20.12283897990316,3.3486909535858653,107.34860468561392,0
638,20.50075565920971,3.300414095497896,107.44642923020555,0
639,20.528917815957406,3.2898109069437727,107.3314811551073,0
640,20.164138526239213,3.2264442382807554,107.45886401517375,0
641,20.641677104158376,3.325152433418843,107.40120935126308,0
642,20.950992133412853,3.179294607448448,107.32306014222614,0
643,20.613248407866525,3.3324197005619354,107.33431632871205,0
644,20.54956097850228,3.22539470822635,107.58470586960311,0
645,20.626548235393884,3.3026728956308737,107.43435785208567,0
646,20.81566112820973,3.2940415581336038,107.62403540938982,0
647,20.383859315579947,3.358476907364694,107.4186363739285,0
648,20.79996365142068,3.2910672415493054,107.50912052011316,0
649,20.72577777109982,3.2652930719427165,107.72926767230182,0
650,21.20989907624449,3.2746698652014397,107.39426132553368,0
651,20.841626917128032,3.363644138437733,107.32021855001003,0
652,21.245815803449116,3.3268148484590445,107.64865901312872,0
653,20.726902075855516,3.2807185009238418,107.44731908946069,0
654,21.100134935508187,3.288177679001774,107.53792936358938,0
655,21.081202981502994,3.2216411454707274,107.49140817895484,0
656,20.87774639016154,3.3194237100425767,107.58681627809554,0
657,21.120847365336296,3.2120092146152266,107.47494637928142,0
658,21.361250079664053,3.3375898232917725,107.56200599121166,0
659,21.08691865772074,3.3064310796245633,107.63498153265566,0
660,20.845754499580494,3.419347589978696,107.49916911137257,0
661,21.212630851931998,3.2449932223137847,107.53999159703541,0
662,21.067168744930157,3.294866895447968,107.58526171664015,0
663,21.21019607810666,3.389914385046153,107.48711845657736,0
664,21.29284616519548,3.3595694820145705,107.59774390172012,0
665,20.9980090811901,3.265189397421005,107.6618796539903,0
666,21.045448023834968,3.3111983714186723,107.62004510584116,0
667,21.49388581248091,3.300099967820754,107.64286235070684,0
668,21.321262489473142,3.3140977933697076,107.67800983290935,0
669,20.94062084019325,3.2650659782007585,107.62442565375676,0
670,21.63772058722652,3.295533979864963,107.7691062565867,0
671,21.56181552133841,3.220097381236164,107.85359781248017,0
672,21.390553479324435,3.306756172593404,107.67356196078046,0
673,29.958951937797693,2.2036836123977057,113.55120733787635,1
674,21.750613689203448,3.2886290293678058,107.71603828445653,0
675,21.677438977615328,3.2192474554707604,107.78654873450385,0
676,22.10756304669544,3.349426593142573,107.91657795312032,0
677,21.73790165166988,3.31822625189964,107.82086595430181,0
678,21.753564378422016,3.263699245114951,107.60265854611903,0
679,21.66412759523924,3.285969977658097,107.8353995631447,0
680,21.88167880315315,3.224966529860908,107.9232863743309,0
681,21.863463811873455,3.2487294936111044,107.78784038300019,0
682,22.00821955971803,3.273109432682143,107.91956348061177,0
683,21.672334634273508,3.3614210406140073,107.7609884458848,0
684,21.707531767408625,3.268024830455626,107.69144608404778,0
685,21.71608885043453,3.3320106829664375,107.86411690188326,0
686,21.98664131183686,3.2730841898569207,107.68435232792537,0
687,22.14399597063692,3.3123973780425935,107.84602289871064,0
688,21.767655395081814,3.29293022489281,108.00868422626455,0
689,21.788827414681656,3.343652830004637,107.69902370942538,0
690,21.95020678366217,3.273259433089072,107.77205032040861,0
691,21.851093286162893,3.221373587499878,107.80679677548383,0
692,22.10275049117251,3.230902548431818,107.9136680140289,0
693,21.473313566393095,3.273406125302862,107.89342832143538,0
694,21.768887837144668,3.237547001466097,108.0799136381696,0
695,21.787531735997664,3.3205106007839773,108.04543483290917,0
696,21.488952376493366,3.276711591757096,108.00952729460685,0
697,21.76852328288586,3.418730327501321,107.98456303143439,0
698,21.785662667140418,3.2131142702431434,108.0193229776985,0
699,21.935128426648596,3.3101816589354898,107.90380176446865,0
700,22.20380788972179,3.2436023488247163,108.08572103535566,0
701,21.93727547552027,3.275329932980866,107.89879557456409,0
702,21.784403267514023,3.307070973667027,108.10353769939022,0
703,21.982657309271293,3.1837314312562857,108.14861425021188,0
704,22.206567555047965,3.311841305839401,108.06108646020881,0
705,21.803427014272856,3.3951453731137082,108.0323786941038,0
706,21.817590326584583,3.27732808508157,108.10003099083097,0
707,22.11170176563779,3.312990392840275,107.78384816298993,0
708,21.955171450927548,3.3512460846562697,108.11022582184854,0
709,22.127662547696094,3.29180232499865,108.07866460021603,0
710,21.993323947073666,3.2709519905734257,108.09493718869429,0
711,22.133475336220677,3.186213179813912,108.18065325128978,0
712,21.782419054496916,3.3320495359697486,108.11252310784353,0
713,21.982514070504187,3.294341579513555,108.01597931433488,0
714,21.937495375211142,3.249365807430592,108.12585973291746,0
715,21.7303657437284,3.3063298355138846,108.15675554840809,0
716,21.65396949818309,3.2708159821596907,108.1714933911581,0
717,22.096149414206113,3.2735786934442235,108.1861919367285,0
718,21.880360076378725,3.330314557805435,108.28393690449187,0
719,21.736865247949858,3.2330808794338077,108.08139654469659,0
720,21.912079765713887,3.3523657643036877,108.21757004561648,0
721,22.146141072916937,3.2301156918440794,108.33899296986182,0
722,21.452843291407458,3.2668649295822365,108.04653885030628,0
723,21.597353110644622,3.396147309703329,108.24796466807801,0
724,21.69903490133897,3.356367738082121,108.18146214980268,0
725,22.16202588439343,3.3048801996247716,108.21292896155269,0
726,21.911737537850353,3.252973489224939,108.16951924967856,0
727,21.993371556255294,3.273536384665005,108.25304492842996,0
728,21.59582795252288,3.3036637657292847,108.46412556144269,0
729,21.58317546974236,3.30187616161698,108.16355696388229,0
730,21.87914508762555,3.295456453518702,108.18303899975211,0
731,21.783021100875704,3.2984583742957905,108.17980654298366,0
732,21.862189365993075,3.289281244514744,108.4927418286628,0
733,21.695281818290884,3.227901063217999,108.28376602944788,0
734,21.768126072721135,3.274174462891958,108.33743609396524,0
735,21.72311747926689,3.345731202699342,108.30972170588937,0
736,21.825366900046543,3.231583285122444,108.26555771215969,0
737,21.808866935457136,3.290522224423036,108.34648493533857,0
738,21.300483772882856,3.2590123035614575,108.62582436057365,0
739,21.151347591776453,3.3055675214699054,108.52920709209742,0
740,21.776853214280933,3.280568340946659,108.31470621822078,0
741,21.789121404674905,3.373869683248733,108.47475741030617,0
742,21.321903423524738,3.3253291577095125,108.33684772273337,0
743,21.12790219665896,3.2344098417111393,108.25236323611539,0
744,21.49291756499701,3.3335614005806846,108.54195109176646,0
745,21.63193034429406,3.261267407186897,108.56600928466436,0
746,21.777355415936164,3.271150181431123,108.56460522510478,0
747,21.4926027225946,3.315690951005356,108.42301347507804,0
748,21.285950846823233,3.275412629013493,108.4633224265998,0
749,21.15207494025202,3.3446427908161476,108.5649765553658,0
750,21.302865938648363,3.26127449692433,108.53914960373481,0
751,21.210077142351075,3.2690526723704316,108.4706362528703,0
752,21.035762949695172,3.267181455322594,108.35809281798818,0
753,21.616878614630878,3.2717180625822477,108.5413875194142,0
754,21.53202928359096,3.3549595777773904,108.64790096392362,0
755,21.369603476031063,3.331439814680515,108.43024117109658,0
756,20.925164853637575,3.3854971977006034,108.6238759381676,0
757,21.246836272755942,3.4133822101949627,108.60315416951336,0
758,21.169824845874235,3.2484641484033827,108.65501482632324,0
759,21.096059098959852,3.303520956366364,108.67719754997191,0
760,21.222730431116354,3.241189984167828,108.53055347580747,0
761,21.064729903887784,3.2611197036125863,108.4483040599835,0
762,21.050141770416115,3.2684958744872166,108.56664804743171,0
763,20.993642584128505,3.247142256293086,108.7189127317527,0
764,20.898195520372308,3.247405636355079,108.58579960964741,0
765,20.43675892031839,3.292785781073987,108.58059566761425,0
766,20.773331887353773,3.2391640790806795,108.47786496580753,0
767,20.608193172731497,3.3421063479568813,108.84526475545509,0
768,20.425999502569468,3.254112323129124,108.76257136414254,0
769,20.980594369568927,3.4404784485048197,108.76698959812748,0
770,20.952035781668545,3.27743077745178,108.79677253867796,0
771,20.83984401473082,3.3036008820958522,108.76767083615434,0
772,20.58057856683853,3.235232940776698,108.69556711448205,0
773,20.760985089160535,3.385304587906382,108.71362358958778,0
774,20.45439854511175,3.3559750340401457,108.69724356354078,0
775,20.453494419255147,3.3148457935368056,109.0134740754415,0
776,20.15502257618758,3.2326598725610216,108.81559120312996,0
777,20.413747515826838,3.310533343886231,108.72361995586485,0
778,20.306925110015012,3.2439284476991372,108.82654967741662,0
779,19.99469823512781,3.373117763173668,108.68891310821438,0
780,20.205267882235567,3.3404597365926585,108.95045067185892,0
781,20.159753837883258,3.3047719519243866,108.74389309041929,0
782,20.495334152481654,3.1781812168376335,108.87010854326223,0
783,20.27473242639679,3.2508292010670483,108.93659776297432,0
784,20.058208335428017,3.3343880565799933,108.8784768544205,0
785,20.065683829532087,3.3606441845861577,108.85944699918196,0
786,19.984769592820182,3.3554584905746063,108.8610802084856,0
787,19.895354698699858,3.220399349887927,108.86435589031129,0
788,19.679488058788515,3.315077615340645,108.82233015110725,0
789,19.82584073456568,3.3507757608241464,108.84505165702303,0
790,19.666966648214135,3.2170832217208876,109.0479590373651,0
791,19.52633190424694,3.299604774231338,108.89914633673148,0
792,19.83893752644184,3.3136921199154226,108.84142037306172,0
793,19.775349566243616,3.284961770757663,108.87837024031386,0
794,19.30027976001563,3.20739190722994,109.05003706806971,0
795,19.593745909752595,3.2837150944963134,109.01756066331644,0
796,19.778237371169585,3.2836347284872485,109.01603291782322,0
797,19.75192445405728,3.292596379772612,108.94424788010902,0
798,19.70641364912878,3.271826428728746,109.0373362470173,0
799,19.470394991043563,3.2778493923379264,108.92564388750493,0
800,19.25518430107604,3.298014685882651,108.97403859686543,0
801,19.16926493318087,3.3221227302484855,109.10698044873918,0
802,19.41698260151921,3.2847786618571666,109.1074277678919,0
803,19.3862353160182,3.2795175535816,108.93180901540492,0
804,19.53043905912373,3.3046177019127225,108.95444735470915,0
805,19.455853095700398,3.2039542037052406,109.06087021528134,0
806,19.172601410100324,3.323851756361323,109.23261323746695,0
807,18.913716311873173,3.299971845143852,108.8784434835531,0
808,19.062581480321143,3.301984676329878,109.10783329395704,0
809,30.808445745089884,2.2420512569382636,114.75064740287651,1
810,19.01473937812519,3.2023592234975875,109.03656690064744,0
811,18.904513618748364,3.201308306507052,109.07355715819358,0
812,19.035997766477294,3.3136901922661757,109.07794916565632,0
813,18.85036343647168,3.299644157243574,109.07662040603408,0
814,18.7916954733009,3.3085088471595965,109.14072070603764,0
815,18.94618602428713,3.2768936462413776,109.09647444333694,0
816,18.770530135716896,3.3332176837119962,109.01375426151458,0
817,18.86724233707326,3.3466319421495556,109.24798696125228,0
818,18.84102768704499,3.324199114697576,109.25528721671489,0
819,18.52695193451894,3.2869585770797705,109.27431743100226,0
820,18.627538410531024,3.19461553061928,109.0459265503736,0
821,18.980801392184173,3.3384618104018564,109.23989181525842,0
822,18.430812154725967,3.3610864333108794,109.2875978855807,0
823,18.210413911504364,3.3322279205991987,109.12687979315605,0
824,18.2324389985386,3.2560178786316243,109.24091732481821,0
825,18.58225130457709,3.3336897196833877,109.23837333546896,0
826,18.554803466236148,3.343026485398072,109.44421506585684,0
827,18.49786906755671,3.377940812389954,109.46244960370126,0
828,18.737591856229585,3.2561945037886018,109.11356436066698,0
829,17.934151733999585,3.288677270772793,109.5393927005728,0
830,18.522482617817566,3.3373636025571725,109.20847742788466,0
831,18.730783366510398,3.3028705035719077,109.40806732943274,0
832,18.16877203701272,3.244133619897436,109.41704979808637,0
833,18.29484159878979,3.320730814251335,109.23043097731582,0
834,18.197350885975958,3.3289330816907583,109.38932677938391,0
835,18.146847234745,3.30439814481655,109.3392466255734,0
836,18.23892090859366,3.310979246358997,109.41543300046324,0
837,18.568805540038362,3.2870647049157133,109.39306723023807,0
838,18.63060764581993,3.3739139467858026,109.49963394853702,0
839,18.176459017853116,3.254965390814366,109.39753995431461,0
840,18.605877975649886,3.2706339618618108,109.38321259305738,0
841,18.213910328168488,3.300549275676376,109.51960642330572,0
842,18.540179596124165,3.3439477013850443,109.47803959648586,0
843,18.15415221816886,3.225131341495273,109.50318133943209,0
844,18.183124921482975,3.234485162511728,109.37354133277414,0
845,18.21484686905983,3.198113574613264,109.34547372186016,0
846,18.763104603096163,3.3016347612626635,109.40322778567474,0
847,18.28392191636757,3.2440847091396727,109.40791786143194,0
848,17.95929733851292,3.280772494499104,109.55861992686529,0
849,18.282394936242184,3.3330689094945853,109.5875984050294,0
850,18.004838508824015,3.2679228639608575,109.48448697104676,0
851,17.968633726071097,3.311564101137168,109.65309190188243,0
852,18.23845612175661,3.2850331046124137,109.6568469393765,0
853,18.05388233420952,3.3336057157548216,109.55433989164005,0
854,18.095090674317298,3.3237564033674003,109.4578108228457,0
855,18.03466703420977,3.265403315191269,109.70753766494354,0
856,18.092468339342258,3.2915674123299774,109.55389826489716,0
857,18.10421653067629,3.3521871698860246,109.5826165196431,0
858,17.626693886065382,3.3196688435127046,109.54603949743934,0
859,18.14306006635826,3.230151897112443,109.50102096737028,0
860,17.80979598395075,3.332780903058569,109.45313605696846,0
861,17.714991869554567,3.245769468878188,109.67328683235573,0
862,17.9898198693454,3.3706256534980503,109.54165989461035,0
863,18.017148112737186,3.351204941992051,109.93595312289968,0
864,17.861300305690545,3.31449427379592,109.53139264173875,0
865,18.166657509387573,3.3078616421718094,109.52426175250187,0
866,17.733265496713337,3.2895483871986286,109.71101387156133,0
867,17.92236046551091,3.333926197570001,109.82293134789673,0
868,17.889621547254297,3.281461091526897,109.68645896569433,0
869,18.00092341402045,3.3117784935319947,109.74722424201873,0
870,18.070454095988183,3.3435967183259723,109.51564525825412,0
871,17.818337121138256,3.2719096728237202,109.64224884543083,0
872,18.170798725873244,3.2691903630004653,109.61263842708624,0
873,18.045358740171395,3.240281725963777,109.54049541500521,0
874,17.66197196242839,3.246776362693691,109.75169802340238,0
875,17.65702970098428,3.2085802344279246,109.52571723783896,0
876,18.05545138123876,3.3364914394507763,109.62778040339126,0
877,18.023665835038248,3.3904457271041384,109.71628062059865,0
878,18.05789216517051,3.371266447173515,109.69687141640489,0
879,18.084465129775523,3.218695775568674,109.82964085022071,0
880,18.147422972065787,3.33624273357781,109.83055801919025,0
881,18.30484935951175,3.371105317496178,109.89937987459355,0
882,17.90686073783316,3.2771595009630667,109.89523837327125,0
883,17.909198022278645,3.305072371532502,109.94408127893614,0
884,17.940180730435344,3.1996053474597663,109.8398081599991,0
885,18.23261843385137,3.313336808398832,109.88034669008167,0
886,18.440544216176356,3.246822013528264,109.91115137019192,0
887,18.122729846820143,3.3099817508955756,109.8841656697391,0
888,17.726817136683593,3.221939853890556,109.84028056900829,0
889,17.905227017561128,3.3271429112238797,109.85675574656602,0
890,18.098988296469635,3.3512256337713344,109.81824416016701,0
891,18.174313653093932,3.2608410069142413,109.95216168299098,0
892,18.22513112807903,3.2431538709294783,109.91059848259148,0
893,18.336151754946165,3.192198847872501,109.86368262493633,0
894,18.28838154450613,3.286679323296241,109.87377551806753,0
895,18.58355369878571,3.2709203032859198,109.82896012722172,0
896,18.262087785552588,3.222449029382597,110.05788413412373,0
897,18.249074186937747,3.3226509378156086,109.97786176695318,0
898,18.542190782523527,3.2775014809067673,109.89371999804268,0
899,28.666922592778533,2.376760547597577,117.50392110891444,1
900,18.57596384752065,3.2722713797179774,109.94395511902056,0
901,18.545247435608005,3.3535652269464804,109.86934993729878,0
902,18.522549678895764,3.330146847187761,110.12212222892191,0
903,18.89757394174924,3.2934986969250755,109.97629030104339,0
904,18.48392578827815,3.3309552509232425,109.99911009097913,0
905,19.049432102993816,3.2419544021806628,110.05411800203491,0
906,18.62183640343961,3.3016185050363513,110.17425892227901,0
907,18.44160284183597,3.3073661165243236,110.07200372908662,0
908,18.741594664748416,3.2765081745750635,109.96008828738547,0
909,18.54347526494075,3.3217729167978707,110.14438770041122,0
910,18.639983185624732,3.260978327267777,110.05150102757382,0
911,18.90183491550272,3.3254910353888056,110.29879239715295,0
912,18.9661095865389,3.3275929385765646,110.11988802780022,0
913,18.763582529533192,3.1541420059651464,109.90649645021013,0
914,19.118964778114407,3.359515285175506,110.17573649721557,0
915,19.18688437235076,3.1476183717323623,110.34445977922603,0
916,19.276960076644265,3.2691975487221936,110.31759202885453,0
917,19.1303034179812,3.3512674017128874,110.35309542887566,0
918,19.33221770889547,3.284135663737378,110.07802398146185,0
919,18.718859685479796,3.2266907008765227,110.28121523959767,0
920,19.06728744613052,3.2453131469141665,110.12780054602634,0
921,18.99366473028252,3.3513452873160308,110.2324289399417,0
922,28.155073896471094,2.316667624172573,115.19036052194579,1
923,19.12615486524682,3.356449555048101,110.16555442351174,0
924,19.244365691951547,3.297244895047885,110.17237533026363,0
925,19.691473739101585,3.240380233477878,110.33985552801425,0
926,19.31881028185806,3.2708442463848653,110.34007191216698,0
927,19.473487072335256,3.2491387829449176,110.29768197293308,0
928,19.38249281110037,3.3433112600429262,110.14495785819446,0
929,19.48253581657982,3.336621390488142,110.25883605660503,0
930,19.507256012613972,3.2140419433061975,110.22538835170572,0
931,19.634574579603207,3.279820394074033,110.39696757566945,0
932,19.817010393425477,3.256840716882786,110.43781848528171,0
933,19.95263322064237,3.3646754984229683,110.43563855860309,0
934,19.724434705516213,3.2324950440936786,110.2644780580583,0
935,19.819911325578722,3.3802114552342504,110.07604668777104,0
936,19.511439501019108,3.298335263024153,110.183303810187,0
937,19.763750860451463,3.2419032796809955,110.51216269780822,0
938,20.009185374590476,3.266136290799536,110.33987450606801,0
939,20.034194028598776,3.2599190579615773,110.31492753817349,0
940,19.943250664802274,3.2362690798992246,110.56426602934363,0
941,20.118175554676544,3.3047413429865187,110.53651599454884,0
942,20.079041789588267,3.2386042224654075,110.42244487219197,0
943,20.260949028833988,3.1909816895630905,110.4006596908936,0
944,20.118750583133792,3.2810161764575914,110.42678987871868,0
945,20.029705712499425,3.2098571901791058,110.47271627983875,0
946,20.20793991406583,3.2623919565966237,110.62000472813197,0
947,19.594522767786124,3.254544855569832,110.51224674242373,0
948,20.297016516262484,3.256439196398709,110.55260290330392,0
949,19.530466357162872,3.4000481550795074,110.60692701090701,0
950,19.95506173784482,3.3028205783584785,110.38303239989756,0
951,20.429593738863122,3.3122685504497666,110.5854861892474,0
952,20.47409579399297,3.211180085182885,110.49054312453383,0
953,20.185302647453497,3.2673018433181538,110.27839048042273,0
954,20.31439936225662,3.3107651314970754,110.32718304580142,0
955,20.769776613688745,3.2487735543543494,110.44818823884813,0
956,20.437512774227333,3.345403142175899,110.61312232285925,0
957,21.021339527202358,3.2398651707049484,110.58137995653402,0
958,20.61057906371713,3.285681693206741,110.59843667071756,0
959,20.730533462291614,3.270697418001222,110.78509434826867,0
960,21.01000473733951,3.3082160329690957,110.47309103851401,0
961,20.750264268814792,3.2679754964072285,110.60725666458163,0
962,20.56072942349003,3.286455318646453,110.65044355228139,0
963,20.77608763420273,3.2881934954111007,110.55637268834616,0
964,20.827426679607456,3.2632806121304347,110.6428326745083,0
965,20.597782390305472,3.3242546934248556,110.49000506659156,0
966,20.855397919699225,3.311919418741871,110.8009906217275,0
967,20.793596914743283,3.2955693027373414,110.60183854474695,0
968,21.16200108298252,3.278477083326902,110.88314001647785,0
969,21.018755265599953,3.3398272015259995,110.68675256760825,0
970,20.989572380485885,3.2882082878092906,110.80280535653992,0
971,21.058775345079482,3.284665135608703,110.7046697131009,0
972,21.15808434548131,3.305234501494406,110.71692561677395,0
973,21.269825623203328,3.3848293341485425,110.6715970666778,0
974,20.97906460916945,3.2329821895989395,110.75191239293662,0
975,21.00276221291495,3.3384928446527677,110.7817998694414,0
976,21.463603851307326,3.205341441938095,110.68157414910849,0
977,21.191291851938885,3.310863657911431,110.757495558414,0
978,21.020972539306147,3.3787541413804365,110.71899011339428,0
979,21.42316351215569,3.324433426223365,111.01996640696149,0
980,21.456601201342806,3.3085312539269895,110.79102692300883,0
981,21.086764905831537,3.271977526559846,110.96452321516966,0
982,21.467227872911145,3.3015523600244276,110.80043776691923,0
983,21.596303207178558,3.287396859229832,110.85592876415349,0
984,21.551339282595343,3.2607011696034323,110.70786359283548,0
985,21.629543127456575,3.2855062192262565,110.80529274081321,0
986,21.24837661084576,3.309919058031322,110.88105346707893,0
987,21.62091038944005,3.2616391465734678,111.02860038309599,0
988,21.51902847430933,3.2596859089657655,110.90219827776762,0
989,21.507212662311034,3.231987828120391,111.0283720361193,0
990,21.801458596898158,3.3195362513044446,110.9640729110203,0
991,21.946128240814975,3.327266163098353,111.07274013394647,0
992,22.031413125933998,3.311583022211826,110.9140957782695,0
993,21.957097472303122,3.348258524636433,111.16902227106519,0
994,21.693108212892895,3.304393381854036,110.89146037970859,0
995,21.80583223388861,3.319600546868288,110.87335381658023,0
996,21.90819183556094,3.3151918712818778,110.8389947150311,0
997,21.797900003477643,3.2954229990290895,111.2031024671558,0
998,21.817944961496814,3.2734589085935175,111.0619447572618,0
999,21.973953767627176,3.410707630789595,110.95658792666197,0
